Rave New World,Aldous Huxle,adult,458345342,
A Clockwork Orange,Anthony Burgess,adult,458345343,
Anthem,Ayn Rand,adult,458345344,
Atlas Shrugged,Ayn Rand,adult,458345345,
The Fountainhead,Ayn Rand,adult,458345346,
We The Living,Ayn Rand,adult,458345347,
C Programming Language,Brian W Kernighan,adult,458345348,
The Heart Is A Lonely Hunter,Carson McCullers,adult,458345349,
Greenmantle,Charles de Lint,adult,458345350,
Memory And Dream,Charles de Lint,adult,458345351,
Moonheart,Charles de Lint,adult,458345352,
Mulengro,Charles de Lint,adult,458345353,
Someplace To Be Flying,Charles de Lint,adult,458345354,
The Little Country,Charles de Lint,adult,458345355,
Trader,Charles de Lint,adult,458345356,
Yarrow,Charles de Lint,adult,458345357,
Blood Meridian,Cormac McCarth,adult,458345358,
Suttree,Cormac McCarth,adult,458345359,
The Hitchhiker's Guide To The Galaxy,Douglas Adams,adult,458345360,
The Worm Ourooros,ER Eddison,adult,458345361,
A Farewell To Arms,Ernest Hemingwa,adult,458345362,
The Sun Also Rises,Ernest Hemingway,adult,458345363,
Brideshead Revisited,Eveln Waugh,adult,458345364,
The Great Gatsy,F Scott Fitzgerald,adult,458345365,
At SwimTwoBirds,Flann O'Brien,adult,458345366,
Wise Lood,Flannery O'Connor,adult,458345367,
Dune,Frank Herbert,adult,458345368,
1984,George Orwell,adult,458345369,
Animal Farm,George Orwell,adult,458345370,
Just Enough C/C ++ Programming,Guy W LeckyThompson,adult,458345371,
At The Mountains Of Madness,HP Lovecraft,adult,458345372,
To Kill A Mockingird,Harper Lee,adult,458345373,
Tropic Of Cancer,Henr Miller,adult,458345374,
The Catcher In The Rye,JD Salinger,adult,458345375,
Lord Of The Rings,JRR Tolkien,adult,458345376,
The Lord Of The Rings,JRR Tolkien,adult,458345377,
On The Road,Jack Kerouac,adult,458345378,
The Call Of The Wild,Jack London,adult,458345379,
Beginning C For Arduino,Jack Purdum,adult,458345380,
Shane,Jack Schaefer,adult,458345381,
A Portrait Of The Artist As A Young Man,James Joyce,adult,458345382,
Ulysses,James Joyce,adult,458345383,
The French Lieutenant'S Woman,John Fowles,adult,458345384,
The Magus,John Fowles,adult,458345385,
A Prayer For Owen Meany,John Irving,adult,458345386,
The World According To Garp,John Irving,adult,458345387,
The Grapes Of Wrath,John Steinbeck,adult,458345388,
Heart Of Darkness,Joseph Conrad,adult,458345389,
Catch22,Joseph Heller,adult,458345390,
One Flew Over The Cuckoo'S Nest,Ken Kese,adult,458345391,
Sometimes A Great Notion,Ken Kese,adult,458345392,
Slaughterhouse Five,Kurt Vonnegut,adult,458345393,
Battlefield Earth,L Ron Hubbard,adult,458345394,
Fear,L Ron Hubbard,adult,458345395,
Mission Earth,L Ron Hubbard,adult,458345396,
Guilty Pleasures,Laurell K Hamilton,adult,458345397,
Leonardo's Notebooks,Leonardo Da Vinci,adult,458345398,
Under The Volcano,Malcolm Lowr,adult,458345399,
The Handmaid's Tale,Margaret Atwood,adult,458345400,
Gone With The Wind,Margaret Mitchell,adult,458345401,
One Lonely Night,Mickey Spillane,adult,458345402,
A Town Like Alice,Nevil Shute,adult,458345403,
On The Beach,Nevil Shute,adult,458345404,
Trustee From The Toolroom,Nevil Shute,adult,458345405,
Ender's Game,Orson Scott Card,adult,458345406,
The Sheltering Sky,Paul Bowles,adult,458345407,
Farenheit 451,Ra Bradbur,adult,458345408,
Invisible Man,Ralph Ellison,adult,458345409,
Something Wicked This Way Comes,Ray Bradbur,adult,458345410,
Watership Down,Richard Adams,adult,458345411,
Illusions,Richard Bach,adult,458345412,
I Claudius,Robert Graves,adult,458345413,
Citizen Of The Galaxy,Robert Heinlein,adult,458345414,
Double Star,Robert Heinlein,adult,458345415,
Starship Troopers,Robert Heinlein,adult,458345416,
Stranger In A Strange Land,Robert Heinlein,adult,458345417,
The Door Into Summer,Robert Heinlein,adult,458345418,
The Moon Is A Harsh Mistress,Robert Heinlein,adult,458345419,
The Puppet Masters,Robert Heinlein,adult,458345420,
Mythago Wood,Robert Holdstock,adult,458345421,
Zen And The Art Of Motorcycle Maintenance,Robert Pirsig,adult,458345422,
Fifth Business,Robertson Davies,adult,458345423,
The Cunning Man,Robertson Davies,adult,458345424,
The Satanic Verses,Salman Rushdie,adult,458345425,
The Haunting Of Hill House,Shirley Jackson,adult,458345426,
Arrowsmith,Sinclair Lewis,adult,458345427,
11/22/1963,Stephen King,adult,458345428,
Salem's Lot,Stephen King,adult,458345429,
Bag of Bones,Stephen King,adult,458345430,
Black House,Stephen King,adult,458345431,
Carrie,Stephen King,adult,458345432,
Cell,Stephen King,adult,458345433,
Christine,Stephen King,adult,458345434,
Cujo,Stephen King,adult,458345435,
Cycle of the Werewolf,Stephen King,adult,458345436,
Desperation,Stephen King,adult,458345437,
Doctor Sleep,Stephen King,adult,458345438,
Dolores Claiborne,Stephen King,adult,458345439,
Dreamcatcher,Stephen King,adult,458345440,
Duma Key,Stephen King,adult,458345441,
End of Watch,Stephen King,adult,458345442,
Finders Keepers,Stephen King,adult,458345443,
Firestarter,Stephen King,adult,458345444,
From A Buick 8,Stephen King,adult,458345445,
Gerald's Game,Stephen King,adult,458345446,
Insomnia,Stephen King,adult,458345447,
It,Stephen King,adult,458345448,
Joyland,Stephen King,adult,458345449,
Joyland Illustrated Edition,Stephen King,adult,458345450,
Lisey's Story,Stephen King,adult,458345451,
Misery,Stephen King,adult,458345452,
Mr Mercedes,Stephen King,adult,458345453,
Needful Things,Stephen King,adult,458345454,
Pet Sematary,Stephen King,adult,458345455,
Revival,Stephen King,adult,458345456,
Rose Madder,Stephen King,adult,458345457,
The Colorado Kid,Stephen King,adult,458345458,
The Dark Half,Stephen King,adult,458345459,
The Dark Tower,Stephen King,adult,458345460,
The Dark Tower: Song of Susannah,Stephen King,adult,458345461,
The Dark Tower: The Drawing of the Three,Stephen King,adult,458345462,
The Dark Tower: The Gunslinger,Stephen King,adult,458345463,
The Dark Tower: The Waste Lands,Stephen King,adult,458345464,
The Dark Tower: The Wind Through the Keyhole,Stephen King,adult,458345465,
The Dark Tower: Wizard and Glass,Stephen King,adult,458345466,
The Dark Tower: Wolves of the Calla,Stephen King,adult,458345467,
The Dead Zone,Stephen King,adult,458345468,
The Eyes of the Dragon,Stephen King,adult,458345469,
The Girl Who Loved Tom Gordon,Stephen King,adult,458345470,
The Green Mile: Coffey on the Mile,Stephen King,adult,458345471,
The Green Mile: Coffey's Hands,Stephen King,adult,458345472,
The Green Mile: Night Journey,Stephen King,adult,458345473,
The Green Mile: The Bad Death of Eduard Delacroix,Stephen King,adult,458345474,
The Green Mile: The Complete Serial Novel,Stephen King,adult,458345475,
The Green Mile: The Mouse on the Mile,Stephen King,adult,458345476,
The Green Mile: The Two Dead Girls,Stephen King,adult,458345477,
The Shining,Stephen King,adult,458345478,
The Stand,Stephen King,adult,458345479,
The Talisman,Stephen King,adult,458345480,
The Tommyknockers,Stephen King,adult,458345481,
Under the Dome,Stephen King,adult,458345482,
The Wood Wife,Terri Windling,adult,458345483,
V,Thomas Pnchon,adult,458345484,
Gravity'S Rainow,Thomas Pynchon,adult,458345485,
The Hunt For Red October,Tom Clanc,adult,458345486,
Eloved,Toni Morrison,adult,458345487,
The Letters Of Vincent Van Gogh,Vincent Van Gogh,adult,458345488,
To The Lighthouse,Virginia Woolf,adult,458345489,
Lolita,Vladimir Nabokov,adult,458345490,
Of Human Bondage,W Somerset Maugham,adult,458345491,
The Moviegoer,Walker Percy,adult,458345492,
My Antoni,Willa Cather,adult,458345493,
As I Lay Dying,William Faulkner,adult,458345494,
Asalom Asalom,William Faulkner,adult,458345495,
Light In August,William Faulkner,adult,458345496,
The Sound And The Fury,William Faulkner,adult,458345497,
The Recognitions,William Gaddis,adult,458345498,
Lord Of The Flies,William Golding,adult,458345499,
Naked Lunch,William S Burroughs,adult,458345500,
Get Rich Or Die Tryin',50 Cent,dvd,458345501,
The Sign,Ace Of Base,dvd,458345502,
21,Adele,dvd,458345503,
Konvicted,Akon,dvd,458345504,
Jagged Little Pill,Alanis Morissette,dvd,458345505,
As I Am,Alicia Keys,dvd,458345506,
Songs In A Minor,Alicia Keys,dvd,458345507,
Back To Black,Amy Winehouse,dvd,458345508,
Asia,Asia,dvd,458345509,
Let Go,Avril Lavigne,dvd,458345510,
Backstreet Boys,Backstreet Boys,dvd,458345511,
Millennium,Backstreet Boys,dvd,458345512,
Funny Girl,Barbra Streisand,dvd,458345513,
52nd Street,Billy Joel,dvd,458345514,
Glass Houses,Billy Joel,dvd,458345515,
Some Gave All,Billy Ray Cyrus,dvd,458345516,
Blood Sweat Tears,Blood Sweat & Tears,dvd,458345517,
Don't Be Cruel,Bobby Brown,dvd,458345518,
Slippery When Wet,Bon Jovi,dvd,458345519,
Cooleyhighharmony,Boyz II Men,dvd,458345520,
II,Boyz II Men,dvd,458345521,
Baby One More Time,Britney Spears,dvd,458345522,
Born In The USA,Bruce Springsteen,dvd,458345523,
Unorthodox Jukebox,Bruno Mars,dvd,458345524,
Reckless,Bryan Adams,dvd,458345525,
Tapestry,Carole King,dvd,458345526,
Some Hearts,Carrie Underwood,dvd,458345527,
Falling Into You,Celine Dion,dvd,458345528,
Let's Talk About Love,Celine Dion,dvd,458345529,
Chicago II,Chicago,dvd,458345530,
Chicago V,Chicago,dvd,458345531,
Christina Aguilera,Christina Aguilera,dvd,458345532,
August Everything After,Counting Crows,dvd,458345533,
Disraeli Gears,Cream,dvd,458345534,
Human Clay,Creed,dvd,458345535,
Weathered,Creed,dvd,458345536,
Cosmo's Factory,Creedence Clearwater Revival,dvd,458345537,
Daughtry,Daughtry,dvd,458345538,
Hysteria,Def Leppard,dvd,458345539,
Diana Ross And The Supremes Greatest Hits,Diana Ross & The Supremes,dvd,458345540,
Brothers In Arms,Dire Straits,dvd,458345541,
Home,Dixie Chicks,dvd,458345542,
American Pie,Don McLean,dvd,458345543,
One Of These Nights,Eagles,dvd,458345544,
The Long Run,Eagles,dvd,458345545,
x,Ed Sheeran,dvd,458345546,
Captain Fantastic And The Brown Dirt Cowboy,Elton John,dvd,458345547,
Goodbye Yellow Brick Road,Elton John,dvd,458345548,
Honky Chateau,Elton John,dvd,458345549,
Recovery,Eminem,dvd,458345550,
The Eminem Show,Eminem,dvd,458345551,
A Day Without Rain,Enya,dvd,458345552,
Unplugged,Eric Clapton,dvd,458345553,
Fallen,Evanescence,dvd,458345554,
The Dutchess,Fergie,dvd,458345555,
Fleetwood Mac,Fleetwood Mac,dvd,458345556,
Rumours,Fleetwood Mac,dvd,458345557,
Here's To The Good Times,Florida Georgia Line,dvd,458345558,
4,Foreigner,dvd,458345559,
No Fences,Garth Brooks,dvd,458345560,
Ropin' The Wind,Garth Brooks,dvd,458345561,
Faith,George Michael,dvd,458345562,
American Idiot,Green Day,dvd,458345563,
Dookie,Green Day,dvd,458345564,
Appetite For Destruction,Guns N' Roses,dvd,458345565,
Heart,Heart,dvd,458345566,
Going Places,Herb Alpert & The Tijuana Brass,dvd,458345567,
What Now My Love,Herb Alpert & The Tijuana Brass,dvd,458345568,
Whipped Cream Other Delights,Herb Alpert's Tijuana Brass,dvd,458345569,
Cracked Rear View,Hootie & The Blowfish,dvd,458345570,
Sports,Huey Lewis & The News,dvd,458345571,
Night Visions,Imagine Dragons,dvd,458345572,
InAGaddaDaVida,Iron Butterfly,dvd,458345573,
Janet Jackson's Rhythm Nation 1814,Janet Jackson,dvd,458345574,
janet,Janet Jackson,dvd,458345575,
My Kinda Party,Jason Aldean,dvd,458345576,
Red Octopus,Jefferson Starship,dvd,458345577,
Pieces Of You,Jewel,dvd,458345578,
You Don't Mess Around With Jim,Jim Croce,dvd,458345579,
Are You Experienced?,Jimi Hendrix,dvd,458345580,
American Fool,John Cougar,dvd,458345581,
Back Home Again,John Denver,dvd,458345582,
John Denver's Greatest Hits,John Denver,dvd,458345583,
Scarecrow,John Mellencamp,dvd,458345584,
Escape,Journey,dvd,458345585,
My World 20,Justin Bieber,dvd,458345586,
FutureSex/LoveSounds,Justin Timberlake,dvd,458345587,
The 20/20 Experience,Justin Timberlake,dvd,458345588,
Breakaway,Kelly Clarkson,dvd,458345589,
Breathless,Kenny G,dvd,458345590,
Rock N Roll Jesus,Kid Rock,dvd,458345591,
Totally Krossed Out,Kris Kross,dvd,458345592,
Need You Now,Lady Antebellum,dvd,458345593,
The Fame,Lady Gaga,dvd,458345594,
Houses Of The Holy,Led Zeppelin,dvd,458345595,
In Through The Out Door,Led Zeppelin,dvd,458345596,
Led Zeppelin II,Led Zeppelin,dvd,458345597,
Led Zeppelin IV,Led Zeppelin,dvd,458345598,
Tha Carter III,Lil Wayne,dvd,458345599,
[Hybrid Theory],Linkin Park,dvd,458345600,
Can't Slow Down,Lionel Richie,dvd,458345601,
Pure Heroine,Lorde,dvd,458345602,
Crash My Party,Luke Bryan,dvd,458345603,
Please Hammer Don't Hurt 'Em,MC Hammer,dvd,458345604,
True Blue,Madonna,dvd,458345605,
Mariah Carey,Mariah Carey,dvd,458345606,
Music Box,Mariah Carey,dvd,458345607,
The Emancipation Of Mimi,Mariah Carey,dvd,458345608,
Yourself Or Someone Like You,matchbox 20,dvd,458345609,
Business As Usual,Men At Work,dvd,458345610,
Metallica,Metallica,dvd,458345611,
Time Love And Tenderness,Michael Bolton,dvd,458345612,
Bad,Michael Jackson,dvd,458345613,
Off The Wall,Michael Jackson,dvd,458345614,
Thriller,Michael Jackson,dvd,458345615,
Hannah Montana 2 ,Miley Cyrus,dvd,458345616,
Girl You Know It's True,Milli Vanilli,dvd,458345617,
Babel,Mumford & Sons,dvd,458345618,
Sigh No More,Mumford & Sons,dvd,458345619,
N Sync,N Sync,dvd,458345620,
No Strings Attached,N Sync,dvd,458345621,
Unforgettable,Natalie Cole,dvd,458345622,
Harvest,Neil Young,dvd,458345623,
Country Grammar,Nelly,dvd,458345624,
Nellyville,Nelly,dvd,458345625,
Hangin' Tough,New Kids On The Block,dvd,458345626,
All The Right Reasons,Nickelback,dvd,458345627,
Dark Horse,Nickelback,dvd,458345628,
Silver Side Up,Nickelback,dvd,458345629,
Nevermind,Nirvana,dvd,458345630,
Tragic Kingdom,No Doubt,dvd,458345631,
Come Away With Me,Norah Jones,dvd,458345632,
Up All Night,One Direction,dvd,458345633,
Hello Dolly,Original Cast,dvd,458345634,
Hair,Original Cast Recording,dvd,458345635,
Speakerboxxx/The Love Below,OutKast,dvd,458345636,
Mssundaztood,Pnk,dvd,458345637,
Band On The Run,Paul McCartney And Wings,dvd,458345638,
Forever Your Girl,Paula Abdul,dvd,458345639,
Ten,Pearl Jam,dvd,458345640,
Frampton Comes Alive,Peter Frampton,dvd,458345641,
In The Wind,Peter Paul & Mary,dvd,458345642,
No Jacket Required,Phil Collins,dvd,458345643,
The Dark Side Of The Moon,Pink Floyd,dvd,458345644,
The Wall,Pink Floyd,dvd,458345645,
Purple Rain ,Prince And The Revolution,dvd,458345646,
Me And My Gang,Rascal Flatts,dvd,458345647,
Hi Infidelity,REO Speedwagon,dvd,458345648,
First Take,Roberta Flack,dvd,458345649,
In The Lonely Hour,Sam Smith,dvd,458345650,
Abraxas,Santana,dvd,458345651,
Supernatural,Santana,dvd,458345652,
Hotshot,Shaggy,dvd,458345653,
Come On Over,Shania Twain,dvd,458345654,
Bridge Over Troubled Water,Simon & Garfunkel,dvd,458345655,
Dirty Dancing,Soundtrack,dvd,458345656,
Doctor Zhivago,Soundtrack,dvd,458345657,
Frozen,Soundtrack,dvd,458345658,
Grease,Soundtrack,dvd,458345659,
High School Musical,Soundtrack,dvd,458345660,
Mary Poppins,Soundtrack,dvd,458345661,
O Brother Where Art Thou?,Soundtrack,dvd,458345662,
Romeo + Juliet,Soundtrack,dvd,458345663,
Saturday Night Fever,Soundtrack,dvd,458345664,
That's The Way Of The World,Soundtrack,dvd,458345665,
The Graduate,Soundtrack,dvd,458345666,
The Lion King,Soundtrack,dvd,458345667,
The Sound Of Music,Soundtrack,dvd,458345668,
Titanic,Soundtrack,dvd,458345669,
Woodstock,Soundtrack,dvd,458345670,
Spice,Spice Girls,dvd,458345671,
Bella Donna,Stevie Nicks,dvd,458345672,
Songs In The Key Of Life,Stevie Wonder,dvd,458345673,
Breakfast In America,Supertramp,dvd,458345674,
1989,Taylor Swift,dvd,458345675,
Fearless,Taylor Swift,dvd,458345676,
Red,Taylor Swift,dvd,458345677,
Taylor Swift,Taylor Swift,dvd,458345678,
Songs From The Big Chair,Tears For Fears,dvd,458345679,
A Hard Day's Night ,The Beatles,dvd,458345680,
Abbey Road,The Beatles,dvd,458345681,
Meet The Beatles,The Beatles,dvd,458345682,
Sgt Pepper's Lonely Hearts Club Band,The Beatles,dvd,458345683,
Monkey Business,The Black Eyed Peas,dvd,458345684,
The END,The Black Eyed Peas,dvd,458345685,
More Of The Monkees,The Monkees,dvd,458345686,
The Monkees,The Monkees,dvd,458345687,
Synchronicity,The Police,dvd,458345688,
Private Dancer,Tina Turner,dvd,458345689,
CrazySexyCool,TLC,dvd,458345690,
The Joshua Tree,U2,dvd,458345691,
Confessions,Usher,dvd,458345692,
Jesus Christ Superstar,Various Artists,dvd,458345693,
Whitesnake,Whitesnake,dvd,458345694,
The Bodyguard,Whitney Houston,dvd,458345695,
Whitney,Whitney Houston,dvd,458345696,
Whitney Houston,Whitney Houston,dvd,458345697,
Wilson Phillips,Wilson Phillips,dvd,458345698,
The Diary Of A Young Girl,Anne Frank,child,458345699,
Frog And Toad Are Friends,Arnold Lobel,child,458345700,
The Lion The Witch And The Wardrobe ,CS Lewis,child,458345701,
Pat The Bunny,Dorothy Kunhardt,child,458345702,
 See More At: Http://WwwBestBooksForKidsCom/ListOfDrSeussBooksHtml#SthashE1Bivx3EDpuf,Dr Seuss,child,458345703,
And To Think That I Saw It On Mulberry Street ,Dr Seuss,child,458345704,
Bartholomew And The Oobleck ,Dr Seuss,child,458345705,
Did I Ever Tell You How Lucky You Are? ,Dr Seuss,child,458345706,
Dr Seuss's Abc ,Dr Seuss,child,458345707,
Dr Seuss's Sleep Book ,Dr Seuss,child,458345708,
Fox In Socks ,Dr Seuss,child,458345709,04/12/2016,
Great Day For Up ,Dr Seuss,child,458345710,
Green Eggs And Ham ,Dr Seuss,child,458345711,
Happy Birthday To You ,Dr Seuss,child,458345712,
Hop On Pop ,Dr Seuss,child,458345713,
Horton Hatches The Egg ,Dr Seuss,child,458345714,
Horton Hears A Who ,Dr Seuss,child,458345715,
How The Grinch Stole Christmas ,Dr Seuss,child,458345716,
Hunches In Bunches ,Dr Seuss,child,458345717,
I Am Not Going To Get Up Today ,Dr Seuss,child,458345718,
I Can Draw It Myself ,Dr Seuss,child,458345719,
I Can Lick 30 Tigers Today And Other Stories ,Dr Seuss,child,458345720,
I Can Read With My Eyes Shut ,Dr Seuss,child,458345721,
I Had Trouble In Getting To Solla Sollew ,Dr Seuss,child,458345722,
If I Ran The Circus ,Dr Seuss,child,458345723,
If I Ran The Zoo ,Dr Seuss,child,458345724,
Marvin K Mooney Will You Please Go Now ,Dr Seuss,child,458345725,
Mcelligot's Pool ,Dr Seuss,child,458345726,
Mr Brown Can Moo Can You? ,Dr Seuss,child,458345727,
My Book About Me ,Dr Seuss,child,458345728,
Oh Say Can You Say? ,Dr Seuss,child,458345729,
Oh The Places You'Ll Go ,Dr Seuss,child,458345730,
Oh The Thinks You Can Think ,Dr Seuss,child,458345731,
On Beyond Zebra ,Dr Seuss,child,458345732,
One Fish Two Fish Red Fish Blue Fish ,Dr Seuss,child,458345733,
Scrambled Eggs Super ,Dr Seuss,child,458345734,
The 500 Hats Of Bartholomew Cubbins ,Dr Seuss,child,458345735,
The Butter Battle Book ,Dr Seuss,child,458345736,
The Cat In The Hat ,Dr Seuss,child,458345737,
The Cat In The Hat Comes Back ,Dr Seuss,child,458345738,
The Cat In The Hat Song Book ,Dr Seuss,child,458345739,
The Foot Book ,Dr Seuss,child,458345740,
The King's Stilts ,Dr Seuss,child,458345741,
The Lorax ,Dr Seuss,child,458345742,
The Shape Of Me And Other Stuff ,Dr Seuss,child,458345743,
The Sneetches And Other Stories ,Dr Seuss,child,458345744,
There's A Wocket In My Pocket ,Dr Seuss,child,458345745,
Thidwick The BigHearted Moose ,Dr Seuss,child,458345746,
Yertle The Turtle And Other Stories ,Dr Seuss,child,458345747,
You'Re Only Old Once ,Dr Seuss,child,458345748,
Charlotte'S Web,E B White,child,458345749,
The Wonderful Things You Will Be,Emily Winfield Martin,child,458345750,
The Very Hungry Caterpillar,Eric Carle,child,458345751,
The Snowy Day,Ezra Jack Keats,child,458345752,
The Wind In The Willows,Inga Moore,child,458345753,
Harry Potter And The Chamber Of Secrets,JK Rowling,child,458345754,
Harry Potter And The Deathly Hallows,JK Rowling,child,458345755,04/12/2016,
Harry Potter And The Goblet Of Fire,JK Rowling,child,458345756,
Harry Potter And The HalfBlood Prince,JK Rowling,child,458345757,
Harry Potter And The Order Of The Phoenix,JK Rowling,child,458345758,
Harry Potter And The Prisoner Of Azkaban,JK Rowling,child,458345759,
Harry Potter And The Sorcerer's Stone,JK Rowling,child,458345760,04/12/2016,
Jacky HaHa,James Patterson,child,458345761,
Anne Of Green Gables,L M Montgomery,child,458345762,
Madeline,Ludwig Bemelmans,child,458345763,
A Wrinkle In Time,Madeleine L'Engle,child,458345764,
Goodnight Moon,Margaret Wise Brown,child,458345765,
Where The Wild Things Are,Maurice Sendak,child,458345766,04/12/2016,
Knuffle Bunny: A Cautionary Tale,Mo Willems,child,458345767,
Tuck Everlasting,Natalie Babbitt,child,458345768,
When Marian Sang: The True Recital Of Marian Anderson,Pam Munoz Ryan,child,458345769,
The Dot,Peter H Reynolds,child,458345770,
The Hidden Oracle,Rick Riordan,child,458345771,
A Giraffe And A Half,Shel Silverstein,child,458345772,
A Light In The Attic,Shel Silverstein,child,458345773,
Don'T Bump The Glump,Shel Silverstein,child,458345774,
Every Thing On It,Shel Silverstein,child,458345775,
Falling Up,Shel Silverstein,child,458345776,
Lafcadio The Lion Who Shot Back,Shel Silverstein,child,458345777,
Runny Babbit,Shel Silverstein,child,458345778,
The Giving Tree,Shel Silverstein,child,458345779,
The Missing Piece,Shel Silverstein,child,458345780,
The Missing Piece Meets The Big O,Shel Silverstein,child,458345781,
The Missing Piece Meets The Big O,Shel Silverstein,child,458345782,
Where The Sidewalk Ends,Shel Silverstein,child,458345783,04/12/2016,
Who Wants A Cheap Rhinoceros?,Shel Silverstein,child,458345784,
12 Angry Men ,NA,video,458345785,
85,NA,video,458345786,
A Hard Day's Night ,NA,video,458345787,
A Separation ,NA,video,458345788,
A Streetcar Named Desire ,NA,video,458345789,
Aguirre der Zorn Gottes ,NA,video,458345790,
Aliens ,NA,video,458345791,
All About Eve ,NA,video,458345792,
Anatomy of a Murder ,NA,video,458345793,
Annie Hall ,NA,video,458345794,
Badlands ,NA,video,458345795,
Battleship Potemkin ,NA,video,458345796,
Before Midnight ,NA,video,458345797,
Boyhood ,NA,video,458345798,
Chinatown ,NA,video,458345799,
Citizen Kane ,NA,video,458345800,
City Lights ,NA,video,458345801,
Cool Hand Luke ,NA,video,458345802,
Das Cabinet des Dr Caligari ,NA,video,458345803,
Dr Strangelove Or How I Learned to Stop Worrying and Love the Bomb ,NA,video,458345804,
ET The ExtraTerrestrial ,NA,video,458345805,
Eyes Without a Face ,NA,video,458345806,
Finding Nemo ,NA,video,458345807,
Frankenstein ,NA,video,458345808,
Gloria ,NA,video,458345809,
How to Train Your Dragon ,NA,video,458345810,
Inside Out ,NA,video,458345811,
Invasion of the Body Snatchers ,NA,video,458345812,
It Happened One Night ,NA,video,458345813,
King Kong ,NA,video,458345814,
LA Confidential ,NA,video,458345815,
La Battaglia di Algeri ,NA,video,458345816,
Laura ,NA,video,458345817,
Let the Right One In ,NA,video,458345818,
Leviathan ,NA,video,458345819,
M ,NA,video,458345820,
Man on Wire ,NA,video,458345821,
Mary Poppins ,NA,video,458345822,
Mean Streets ,NA,video,458345823,
Metropolis ,NA,video,458345824,
Modern Times ,NA,video,458345825,
Mr Turner ,NA,video,458345826,
Mud ,NA,video,458345827,
North by Northwest ,NA,video,458345828,
On the Waterfront ,NA,video,458345829,
Once Upon a Time in the West ,NA,video,458345830,
Pinocchio ,NA,video,458345831,
Playtime ,NA,video,458345832,
Rashomon ,NA,video,458345833,
Rear Window ,NA,video,458345834,
Rebecca ,NA,video,458345835,
Repulsion ,NA,video,458345836,
Roman Holiday ,NA,video,458345837,
Rosemary's Baby ,NA,video,458345838,
Selma ,NA,video,458345839,
Seven Samurai ,NA,video,458345840,
Shaun the Sheep Movie ,NA,video,458345841,
Short Term 12 ,NA,video,458345842,
Singin' in the Rain ,NA,video,458345843,
Snow White and the Seven Dwarfs ,NA,video,458345844,
Sunset Boulevard ,NA,video,458345845,
Sweet Smell of Success ,NA,video,458345846,
Taxi Driver ,NA,video,458345847,
The 39 Steps ,NA,video,458345848,
The 400 Blows ,NA,video,458345849,
The Adventures of Robin Hood ,NA,video,458345850,
The Babadook ,NA,video,458345851,
The Best Years of Our Lives ,NA,video,458345852,
The Bicycle Thief ,NA,video,458345853,
The Bride of Frankenstein ,NA,video,458345854,
The Conformist ,NA,video,458345855,
The Conversation ,NA,video,458345856,
The Discreet Charm Of The Bourgeoisie ,NA,video,458345857,
The French Connection ,NA,video,458345858,
The Godfather ,NA,video,458345859,
The Gold Rush ,NA,video,458345860,
The Grapes of Wrath ,NA,video,458345861,
The Hurt Locker ,NA,video,458345862,
The Last Picture Show ,NA,video,458345863,
The Leopard ,NA,video,458345864,
The Maltese Falcon ,NA,video,458345865,
The Manchurian Candidate ,NA,video,458345866,
The Night of the Hunter ,NA,video,458345867,
The Philadelphia Story ,NA,video,458345868,
The Rules of the Game ,NA,video,458345869,
The Searchers ,NA,video,458345870,
The Sweet Hereafter ,NA,video,458345871,
The Terminator ,NA,video,458345872,
The Third Man ,NA,video,458345873,
The Treasure of the Sierra Madre ,NA,video,458345874,
The Wages of Fear ,NA,video,458345875,
The Wild Bunch ,NA,video,458345876,04/12/2016,
The Wizard of Oz ,NA,video,458345877,
The Wrestler ,NA,video,458345878,
Tokyo Story ,NA,video,458345879,
Toy Story ,NA,video,458345880,
Toy Story 2 ,NA,video,458345881,04/12/2016,
Toy Story 3 ,NA,video,458345882,04/12/2016,
Up ,NA,video,458345883,04/12/2016,
Zootopia ,NA,video,458345884,04/12/2016,
